{
  "schemaVersion": 1,
  "id": "totem_pop_predictor",
  "version": "${version}",
  "name": "Totem Pop Predictor",
  "description": "Shows 'Retotem' when a pop is predicted or after a pop.",
  "authors": ["cutebow"],
  "contact": {
    "Modrinth": "https://modrinth.com/user/cutebow",
    "discord": "https://discord.gg/A2Nx9kxDeB"
  },
  "license": "MIT",
  "icon": "assets/icon.png",
  "environment": "client",
  "entrypoints": {
    "client": ["me.cutebow.totem_pop_predictor.client.Totem_pop_predictorClient"],
    "main":   ["me.cutebow.totem_pop_predictor.Totem_pop_predictor"],
    "modmenu":["me.cutebow.totem_pop_predictor.client.ModMenuIntegration"]
  },
  "custom": {
    "modmenu": {
      "links": {
        "modrinth": "https://modrinth.com/user/cutebow",
        "discord":  "https://discord.gg/A2Nx9kxDeB",
        "youtube":  "https://www.youtube.com/channel/UCi8g3qvFza7E6-5IO_MQJbg"
      }
    }
  },
  "mixins": ["totem_pop_predictor.mixins.json"],
  "depends": {
    "fabricloader": ">=${loader_version}",
    "fabric": "*",
    "minecraft": "${minecraft_version}"
  }
}
